Iteration,Root
1,2
2,0
3,0.727273
4,1.44987
5,1.44987
