Iteration,Root
1,1.72846
2,1.72846
